block_geoid,max_advertised_download_speed,max_advertised_upload_speed,count,frn,provider_id,brand_name,technology,low_latency,business_residential_code,state_usps,h3_res8_id
260239511002031,10,1,1,27283902,370067,Locl.Net,70,1,X,MI,88274bb65bfffff
260239511002036,10,1,90,27283902,370067,Locl.Net,70,1,X,MI,8827497967fffff
260239511002047,10,1,10,27283902,370067,Locl.Net,70,1,X,MI,882749792dfffff
260239511002048,10,1,4,27283902,370067,Locl.Net,70,1,X,MI,882749792dfffff
260239511002049,10,1,60,27283902,370067,Locl.Net,70,1,X,MI,8827497905fffff
260239511002049,30,8,2,27283902,370067,Locl.Net,70,1,X,MI,8827497905fffff
260239511002052,30,8,1,27283902,370067,Locl.Net,70,1,X,MI,8827497905fffff
260239511002056,10,1,2,27283902,370067,Locl.Net,70,1,X,MI,88274bb65bfffff
260239511003059,30,8,1,27283902,370067,Locl.Net,70,1,X,MI,88274bb655fffff
